<?xml version="1.0" encoding="UTF-8"?>
<!DOCTYPE mapper PUBLIC "-//mybatis.org//DTD Mapper 3.0//EN" "http://mybatis.org/dtd/mybatis-3-mapper.dtd">
<mapper namespace="fun.yizhierha.monitor.mapper.SysLogMapper">
  <resultMap id="BaseResultMap" type="fun.yizhierha.monitor.domain.SysLog">
    <!--generated by EH-Admin @date Fri Dec 09 20:47:12 CST 2022-->
    <!--@Table sys_log-->
    <id column="log_id" property="id" />
    <result column="description" property="description" />
    <result column="log_type" property="logType" />
    <result column="method" property="method" />
    <result column="params" property="params" />
    <result column="request_ip" property="requestIp" />
    <result column="time" property="time" />
    <result column="username" property="username" />
    <result column="address" property="address" />
    <result column="browser" property="browser" />
    <result column="exception_detail" property="exceptionDetail" />
    <result column="create_time" property="createTime" />
  </resultMap>
  <sql id="Base_Column_List">
        `log_id`,
        `description`,
        `log_type`,
        `method`,
        `params`,
        `request_ip`,
        `time`,
        `username`,
        `address`,
        `browser`,
        `exception_detail`,
        `create_time`
  </sql>
</mapper>