<?xml version="1.0" encoding="UTF-8"?>
<!-- 日志级别从低到高分为TRACE < DEBUG < INFO < WARN < ERROR < FATAL，如果设置为WARN，则低于WARN的信息都不会输出 -->
<!-- scan:当此属性设置为true时，配置文件如果发生改变，将会被重新加载，默认值为true -->
<!-- scanPeriod:设置监测配置文件是否有修改的时间间隔，如果没有给出时间单位，默认单位是毫秒。当scan为true时，此属性生效。默认的时间间隔为1分钟。 -->
<!-- debug:当此属性设置为true时，将打印出logback内部日志信息，实时查看logback运行状态。默认值为false。 -->
<configuration scan="true" scanPeriod="30 seconds"  debug="false">
    <contextName>ehadmin</contextName>
    <property name="log.charset" value="utf-8" />
    <property name="log.pattern" value="%contextName- %red(%d{yyyy-MM-dd HH:mm:ss}) %green([%thread]) %highlight(%-5level) %boldMagenta(%logger{36}) - %msg%n" />

    <!--输出到控制台-->
    <appender name="console" class="ch.qos.logback.core.ConsoleAppender">
        <filter class="fun.yizhierha.common.config.LogbackFilter"/>

        <encoder>
            <pattern>${log.pattern}</pattern>
            <charset>${log.charset}</charset>
        </encoder>

    </appender>

    <!--普通日志输出到控制台-->
    <root level="info">

        <appender-ref ref="console" />
    </root>

    <!--监控sql日志输出,如需监控 Sql 打印，请设置为 INFO -->
    <logger name="jdbc.sqlonly" level="INFO" additivity="false">
        <appender-ref ref="console" />
    </logger>

    <logger name="jdbc.resultset" level="ERROR" additivity="false">
        <appender-ref ref="console" />
    </logger>

    <!--  如想看到表格数据，将OFF改为INFO  -->
    <logger name="jdbc.resultsettable" level="ERROR" additivity="false">
        <appender-ref ref="console" />
    </logger>

    <logger name="jdbc.connection" level="OFF" additivity="false">
        <appender-ref ref="console" />
    </logger>

    <logger name="jdbc.sqltiming" level="OFF" additivity="false">
        <appender-ref ref="console" />
    </logger>

    <logger name="jdbc.audit" level="OFF" additivity="false">
        <appender-ref ref="console" />
    </logger>
</configuration>