<?xml version="1.0" encoding="UTF-8"?>
<!DOCTYPE mapper PUBLIC "-//mybatis.org//DTD Mapper 3.0//EN" "http://mybatis.org/dtd/mybatis-3-mapper.dtd">
<mapper namespace="fun.yizhierha.tools.other.mapper.ToolLocalStorageMapper">
  <resultMap id="BaseResultMap" type="fun.yizhierha.tools.other.domain.ToolLocalStorage">
    <!--generated by EH-Admin @date Sun Jan 01 17:11:43 CST 2023-->
    <!--@Table tool_local_storage-->
    <id column="storage_id" property="id" />
    <result column="real_name" property="realName" />
    <result column="name" property="name" />
    <result column="suffix" property="suffix" />
    <result column="path" property="path" />
    <result column="type" property="type" />
    <result column="size" property="size" />
    <result column="bitSize" property="bit_size"/>
    <result column="create_by" property="createBy" />
    <result column="update_by" property="updateBy" />
    <result column="create_time" property="createTime" />
    <result column="update_time" property="updateTime" />
  </resultMap>
  <sql id="Base_Column_List">
        `storage_id`,
        `real_name`,
        `name`,
        `suffix`,
        `path`,
        `type`,
        `size`,
        `bit_size`,
        `create_by`,
        `update_by`,
        `create_time`,
        `update_time`
  </sql>
</mapper>