<?xml version="1.0" encoding="UTF-8"?>
<!DOCTYPE mapper PUBLIC "-//mybatis.org//DTD Mapper 3.0//EN" "http://mybatis.org/dtd/mybatis-3-mapper.dtd">
<mapper namespace="fun.yizhierha.tools.other.mapper.ToolQiniuConfigMapper">
  <resultMap id="BaseResultMap" type="fun.yizhierha.tools.other.domain.ToolQiniuConfig">
    <!--generated by EH-Admin @date Sun Jan 08 13:57:58 CST 2023-->
    <!--@Table tool_qiniu_config-->
    <id column="config_id" property="id" />
    <result column="access_key" property="accessKey" />
    <result column="bucket" property="bucket" />
    <result column="host" property="host" />
    <result column="secret_key" property="secretKey" />
    <result column="type" property="type" />
    <result column="zone" property="zone" />
    <result column="active" property="active"/>
  </resultMap>
  <sql id="Base_Column_List">
        `config_id`,
        `access_key`,
        `bucket`,
        `host`,
        `secret_key`,
        `type`,
        `zone`,
        `active`
  </sql>
</mapper>