<?xml version="1.0" encoding="UTF-8"?>
<!DOCTYPE mapper PUBLIC "-//mybatis.org//DTD Mapper 3.0//EN" "http://mybatis.org/dtd/mybatis-3-mapper.dtd">
<mapper namespace="fun.yizhierha.tools.other.mapper.ToolEmailConfigMapper">
  <resultMap id="BaseResultMap" type="fun.yizhierha.tools.other.domain.ToolEmailConfig">
    <!--generated by EH-Admin @date Fri Jan 13 20:37:24 CST 2023-->
    <!--@Table tool_email_config-->
    <id column="config_id" property="id" />
    <result column="from_user" property="fromUser" />
    <result column="host" property="host" />
    <result column="pass" property="pass" />
    <result column="port" property="port" />
    <result column="user" property="user" />
  </resultMap>
  <sql id="Base_Column_List">
        `config_id`,
        `from_user`,
        `host`,
        `pass`,
        `port`,
        `user`
  </sql>
</mapper>