<?xml version="1.0" encoding="UTF-8"?>
<!DOCTYPE mapper PUBLIC "-//mybatis.org//DTD Mapper 3.0//EN" "http://mybatis.org/dtd/mybatis-3-mapper.dtd">
<mapper namespace="fun.yizhierha.tools.other.mapper.ToolQiniuContentMapper">
  <resultMap id="BaseResultMap" type="fun.yizhierha.tools.other.domain.ToolQiniuContent">
    <!--generated by EH-Admin @date Sun Jan 08 14:05:28 CST 2023-->
    <!--@Table tool_qiniu_content-->
    <id column="content_id" property="id" />
    <result column="bucket" property="bucket" />
    <result column="name" property="name" />
    <result column="size" property="size" />
    <result column="type" property="type" />
    <result column="url" property="url" />
    <result column="suffix" property="suffix" />
    <result column="update_time" property="updateTime" />
  </resultMap>
  <sql id="Base_Column_List">
        `content_id`,
        `bucket`,
        `name`,
        `size`,
        `type`,
        `url`,
        `suffix`,
        `update_time`
  </sql>
</mapper>