<?xml version="1.0" encoding="UTF-8"?>
<!DOCTYPE mapper PUBLIC "-//mybatis.org//DTD Mapper 3.0//EN" "http://mybatis.org/dtd/mybatis-3-mapper.dtd">
<mapper namespace="fun.yizhierha.modules.system.mapper.SysDictMapper">
  <resultMap id="BaseResultMap" type="fun.yizhierha.modules.system.domain.SysDict">
    <!--@mbg.generated-->
    <!--@Table sys_dict-->
    <id column="dict_id" jdbcType="BIGINT" property="dictId" />
    <result column="name" jdbcType="VARCHAR" property="name" />
    <result column="description" jdbcType="VARCHAR" property="description" />
    <result column="create_by" jdbcType="VARCHAR" property="createBy" />
    <result column="update_by" jdbcType="VARCHAR" property="updateBy" />
    <result column="create_time" jdbcType="TIMESTAMP" property="createTime" />
    <result column="update_time" jdbcType="TIMESTAMP" property="updateTime" />
  </resultMap>
  <sql id="Base_Column_List">
    <!--@mbg.generated-->
    dict_id, `name`, description, create_by, update_by, create_time, update_time
  </sql>

  <select id="selectSummaryDictDtoList" resultType="fun.yizhierha.modules.system.service.dto.SummaryDictDto">
    SELECT
      sd.*,
      sdd.detail_id,
      sdd.label,
      sdd.`value`,
      sdd.dict_sort
    FROM
      sys_dict sd
        LEFT JOIN sys_dict_detail sdd ON sd.dict_id = sdd.dict_id
    </select>
</mapper>