<?xml version="1.0" encoding="UTF-8"?>
<!DOCTYPE mapper PUBLIC "-//mybatis.org//DTD Mapper 3.0//EN" "http://mybatis.org/dtd/mybatis-3-mapper.dtd">
<mapper namespace="fun.yizhierha.modules.system.mapper.SysDictDetailMapper">
  <resultMap id="BaseResultMap" type="fun.yizhierha.modules.system.domain.SysDictDetail">
    <!--@mbg.generated-->
    <!--@Table sys_dict_detail-->
    <id column="detail_id" jdbcType="BIGINT" property="detailId" />
    <result column="dict_id" jdbcType="BIGINT" property="dictId" />
    <result column="label" jdbcType="VARCHAR" property="label" />
    <result column="value" jdbcType="VARCHAR" property="value" />
    <result column="dict_sort" jdbcType="INTEGER" property="dictSort" />
    <result column="create_by" jdbcType="VARCHAR" property="createBy" />
    <result column="update_by" jdbcType="VARCHAR" property="updateBy" />
    <result column="create_time" jdbcType="TIMESTAMP" property="createTime" />
    <result column="update_time" jdbcType="TIMESTAMP" property="updateTime" />
  </resultMap>
  <sql id="Base_Column_List">
    <!--@mbg.generated-->
    detail_id, dict_id, `label`, `value`, dict_sort, create_by, update_by, create_time, 
    update_time
  </sql>

  <select id="selectByDictName" resultMap="BaseResultMap">
    SELECT
      sdd.*

    FROM
      sys_dict_detail sdd
        JOIN sys_dict sd ON sd.`name` = #{dictName}
        AND sd.dict_id = sdd.dict_id

  </select>
</mapper>