<?xml version="1.0" encoding="UTF-8"?>
<!DOCTYPE mapper PUBLIC "-//mybatis.org//DTD Mapper 3.0//EN" "http://mybatis.org/dtd/mybatis-3-mapper.dtd">
<mapper namespace="fun.yizhierha.modules.system.mapper.SysRoleMapper">
  <resultMap id="BaseResultMap" type="fun.yizhierha.modules.system.domain.SysRole">
    <!--@mbg.generated-->
    <!--@Table sys_role-->
    <id column="role_id" jdbcType="BIGINT" property="roleId" />
    <result column="name" jdbcType="VARCHAR" property="name" />
    <result column="level" jdbcType="INTEGER" property="level" />
    <result column="description" jdbcType="VARCHAR" property="description" />
    <result column="data_scope" jdbcType="VARCHAR" property="dataScope" />
    <result column="create_by" jdbcType="VARCHAR" property="createBy" />
    <result column="update_by" jdbcType="VARCHAR" property="updateBy" />
    <result column="create_time" jdbcType="TIMESTAMP" property="createTime" />
    <result column="update_time" jdbcType="TIMESTAMP" property="updateTime" />
  </resultMap>
  <sql id="Base_Column_List">
    <!--@mbg.generated-->
    role_id, `name`, `level`, description, data_scope, create_by, update_by, create_time, 
    update_time
  </sql>

  <select id="selectSysRoleByUserId" resultMap="BaseResultMap">
    SELECT
      r.role_id,
      r.`name`,
      r.`level`,
      r.description,
      r.data_scope,
      r.create_by,
      r.update_by,
      r.create_time,
      r.update_time
    FROM
      sys_users_roles ur
        RIGHT JOIN sys_role r ON r.role_id = ur.role_id
    WHERE
      ur.user_id = #{userId}
  </select>

  <select id="selectRoleDtoListByUserIds" resultType="fun.yizhierha.modules.system.service.dto.RoleDto">
    SELECT
      sur.id,
      sur.user_id,
      sr.*
    FROM
      sys_users_roles sur
        LEFT JOIN sys_role sr ON sr.role_id = sur.role_id
    WHERE
        sur.user_id IN
    <foreach collection="userIds" item="userId" open="(" close=")" separator=",">
        #{userId}
  </foreach>
    </select>
</mapper>