<?xml version="1.0" encoding="UTF-8"?>
<!DOCTYPE mapper PUBLIC "-//mybatis.org//DTD Mapper 3.0//EN" "http://mybatis.org/dtd/mybatis-3-mapper.dtd">
<mapper namespace="fun.yizhierha.modules.system.mapper.SysUserMapper">
  <resultMap id="BaseResultMap" type="fun.yizhierha.modules.system.domain.SysUser">
    <!--@mbg.generated-->
    <!--@Table sys_user-->
    <id column="user_id" jdbcType="BIGINT" property="userId" />
    <result column="dept_id" jdbcType="BIGINT" property="deptId" />
    <result column="username" jdbcType="VARCHAR" property="username" />
    <result column="nick_name" jdbcType="VARCHAR" property="nickName" />
    <result column="gender" jdbcType="VARCHAR" property="gender" />
    <result column="phone" jdbcType="VARCHAR" property="phone" />
    <result column="email" jdbcType="VARCHAR" property="email" />
    <result column="avatar_name" jdbcType="VARCHAR" property="avatarName" />
    <result column="avatar_path" jdbcType="VARCHAR" property="avatarPath" />
    <result column="password" jdbcType="VARCHAR" property="password" />
    <result column="is_admin" jdbcType="BIT" property="isAdmin" />
    <result column="enabled" jdbcType="BIGINT" property="enabled" />
    <result column="create_by" jdbcType="VARCHAR" property="createBy" />
    <result column="update_by" jdbcType="VARCHAR" property="updateBy" />
    <result column="pwd_reset_time" jdbcType="TIMESTAMP" property="pwdResetTime" />
    <result column="create_time" jdbcType="TIMESTAMP" property="createTime" />
    <result column="update_time" jdbcType="TIMESTAMP" property="updateTime" />
    <result column="now_role_id" jdbcType="BIGINT" property="nowRoleId"/>
  </resultMap>
  <sql id="Base_Column_List">
    <!--@mbg.generated-->
    user_id, dept_id, username, nick_name, gender, phone, email, avatar_name, avatar_path, 
    `password`, is_admin, enabled, create_by, update_by, pwd_reset_time, create_time, 
    update_time,now_role_id
  </sql>

  <select id="selectUserDtoByUsername" resultType="fun.yizhierha.modules.system.service.dto.UserDto">
    SELECT
      u.user_id,
      u.dept_id,
      u.username,
      u.nick_name,
      u.gender,
      u.phone,
      u.email,
      u.avatar_name,
      u.avatar_path,
      u.`password`,
      u.is_admin,
      u.enabled,
      u.create_by,
      u.update_by,
      u.pwd_reset_time,
      u.create_time,
      u.update_time,
      u.now_role_id,
      d.`name` dept_name
    FROM
      sys_user u
        LEFT JOIN sys_dept d ON d.dept_id = u.dept_id
    WHERE
    u.username = #{username}
  </select>

  <select id="selectListByUserQueryVo" resultType="fun.yizhierha.modules.system.service.dto.UserDto">
    SELECT
      su.*,sd.`name` dept_name
    FROM
      sys_user su
    LEFT JOIN sys_dept sd on sd.dept_id = su.dept_id
    <where>
      <if test="retrieveUserVo != null">
        <if test="retrieveUserVo.deptIds != null and retrieveUserVo.deptIds.size() != 0">
          and su.dept_id IN
          <foreach collection="retrieveUserVo.deptIds" item="deptId" open="(" separator="," close=")">
            #{deptId}
          </foreach>
        </if>
        <if test="retrieveUserVo.name != null and retrieveUserVo.name.trim() != ''">
            and ( su.username LIKE "%"#{retrieveUserVo.name}"%"
            OR su.email LIKE "%"#{retrieveUserVo.name}"%"
            OR su.nick_name LIKE "%"#{retrieveUserVo.name}"%" )
        </if>
        <if test="retrieveUserVo.startCreateTime != null and retrieveUserVo.endCreateTime != null">
            and (su.create_time between #{retrieveUserVo.startCreateTime} and #{retrieveUserVo.endCreateTime})
        </if>
        <if test="retrieveUserVo.userStatus != null">
            and su.enabled = #{retrieveUserVo.userStatus}
        </if>
      </if>
    </where>

  </select>
</mapper>