<?xml version="1.0" encoding="UTF-8"?>
<!DOCTYPE mapper PUBLIC "-//mybatis.org//DTD Mapper 3.0//EN" "http://mybatis.org/dtd/mybatis-3-mapper.dtd">
<mapper namespace="fun.yizhierha.operation.mapper.OraAppMapper">
  <resultMap id="BaseResultMap" type="fun.yizhierha.operation.domain.OraApp">
    <!--generated by EH-Admin @date Wed Dec 21 15:15:54 CST 2022-->
    <!--@Table ora_app-->
    <id column="app_id" property="id" />
    <result column="name" property="name" />
    <result column="upload_path" property="uploadPath" />
    <result column="deploy_path" property="deployPath" />
    <result column="backup_path" property="backupPath" />
    <result column="port" property="port" />
    <result column="start_script" property="startScript" />
    <result column="deploy_script" property="deployScript" />
    <result column="create_by" property="createBy" />
    <result column="update_by" property="updateBy" />
    <result column="create_time" property="createTime" />
    <result column="update_time" property="updateTime" />
  </resultMap>
  <sql id="Base_Column_List">
        `app_id`,
        `name`,
        `upload_path`,
        `deploy_path`,
        `backup_path`,
        `port`,
        `start_script`,
        `deploy_script`,
        `create_by`,
        `update_by`,
        `create_time`,
        `update_time`,
  </sql>
</mapper>