<?xml version="1.0" encoding="UTF-8"?>
<!DOCTYPE mapper PUBLIC "-//mybatis.org//DTD Mapper 3.0//EN" "http://mybatis.org/dtd/mybatis-3-mapper.dtd">
<mapper namespace="fun.yizhierha.operation.mapper.OraDatabaseMapper">
  <resultMap id="BaseResultMap" type="fun.yizhierha.operation.domain.OraDatabase">
    <!--generated by EH-Admin @date Wed Dec 21 16:08:00 CST 2022-->
    <!--@Table ora_database-->
    <id column="db_id" property="id" />
    <result column="name" property="name" />
    <result column="jdbc_url" property="jdbcUrl" />
    <result column="user_name" property="userName" />
    <result column="pwd" property="pwd" />
    <result column="create_by" property="createBy" />
    <result column="update_by" property="updateBy" />
    <result column="create_time" property="createTime" />
    <result column="update_time" property="updateTime" />
    <result column="type_databese" property="typeDatabese" />
  </resultMap>
  <sql id="Base_Column_List">
        `db_id`,
        `name`,
        `jdbc_url`,
        `user_name`,
        `pwd`,
        `create_by`,
        `update_by`,
        `create_time`,
        `update_time`,
        `type_databese`
  </sql>
</mapper>