<?xml version="1.0" encoding="UTF-8"?>
<!DOCTYPE mapper PUBLIC "-//mybatis.org//DTD Mapper 3.0//EN" "http://mybatis.org/dtd/mybatis-3-mapper.dtd">
<mapper namespace="fun.yizhierha.operation.mapper.OraDeployHistoryMapper">
  <resultMap id="BaseResultMap" type="fun.yizhierha.operation.domain.OraDeployHistory">
    <!--generated by EH-Admin @date Wed Dec 21 15:55:14 CST 2022-->
    <!--@Table ora_deploy_history-->
    <id column="history_id" property="id" />
    <result column="app_name" property="appName" />
    <result column="deploy_date" property="deployDate" />
    <result column="deploy_user" property="deployUser" />
    <result column="ip" property="ip" />
    <result column="deploy_id" property="deployId" />
  </resultMap>
  <sql id="Base_Column_List">
        `history_id`,
        `app_name`,
        `deploy_date`,
        `deploy_user`,
        `ip`,
        `deploy_id`,
  </sql>
</mapper>