<?xml version="1.0" encoding="UTF-8"?>
<!DOCTYPE mapper PUBLIC "-//mybatis.org//DTD Mapper 3.0//EN" "http://mybatis.org/dtd/mybatis-3-mapper.dtd">
<mapper namespace="fun.yizhierha.operation.mapper.OraServerMapper">
    <resultMap id="BaseResultMap" type="fun.yizhierha.operation.domain.OraServer">
        <!--generated by EH-Admin @date Wed Dec 21 13:25:19 CST 2022-->
        <!--@Table ora_server-->
        <id column="server_id" property="id"/>
        <result column="account" property="account"/>
        <result column="ip" property="ip"/>
        <result column="name" property="name"/>
        <result column="password" property="password"/>
        <result column="port" property="port"/>
        <result column="create_by" property="createBy"/>
        <result column="update_by" property="updateBy"/>
        <result column="create_time" property="createTime"/>
        <result column="update_time" property="updateTime"/>

    </resultMap>
    <sql id="Base_Column_List">
        `server_id`,
        `account`,
        `ip`,
        `name`,
        `password`,
        `port`,
        `create_by`,
        `update_by`,
        `create_time`,
        `update_time`,
    </sql>

    <select id="findByIp" parameterType="java.lang.String" resultMap="BaseResultMap">
        select *
        from ora_server os
        where os.ip = #{ip}
    </select>
</mapper>